{
    "allowClient": false,
    "conditionSwitch": 1,
    "updateMode": false,
    "commands": [
        [
            18,
            "//------------------------------------------------------------------------------------------------------\n// 当执行场景对象的行为开始前执行的事件\n//------------------------------------------------------------------------------------------------------",
            {
                "___cmdID": "86758349159_0.1075853562664173"
            }
        ],
        [
            18,
            "如果是玩家对象，则派发新的行为前暂停奔跑，如果有些地方不需要此功能，可以自行用开关控制",
            {
                "___cmdID": "86679423820_0.757125853193789"
            }
        ],
        [
            0,
            0,
            4,
            [
                0,
                1,
                1,
                0
            ],
            0,
            4,
            [
                0,
                1,
                1,
                0
            ],
            0,
            [
                1,
                1,
                [
                    0,
                    0,
                    1,
                    1
                ]
            ],
            0,
            0,
            [
                1,
                1
            ],
            "",
            "",
            false,
            null,
            null,
            [
                2,
                {
                    "type": 0,
                    "posMode": 0,
                    "customAttrName": "",
                    "soType": 2,
                    "useVar": 0,
                    "no": 0,
                    "varID": 0
                },
                [
                    {
                        "42657064543_0.724447104540606": 0,
                        "42657260229_0.9459348877505995": 0,
                        "42657330474_0.5456078300460445": "",
                        "42664713486_0.3887133368359288": 2,
                        "42664713486_0.09898355139063386": 0,
                        "42664713486_0.7762137906641664": 0,
                        "42664713486_0.9108713362269023": 0
                    }
                ]
            ],
            [
                2,
                {
                    "type": 0,
                    "posMode": 0,
                    "customAttrName": "",
                    "soType": 0,
                    "useVar": 0,
                    "no": 0,
                    "varID": 0
                },
                [
                    {
                        "42657064543_0.724447104540606": 0,
                        "42657260229_0.9459348877505995": 0,
                        "42657330474_0.5456078300460445": "",
                        "42664713486_0.3887133368359288": 0,
                        "42664713486_0.09898355139063386": 0,
                        "42664713486_0.7762137906641664": 0,
                        "42664713486_0.9108713362269023": 0
                    }
                ]
            ],
            null,
            null,
            0,
            0,
            [
                0,
                {},
                ""
            ],
            [
                0,
                {},
                ""
            ],
            {
                "___cmdID": "94680799075_0.48841465821361085"
            }
        ],
        [
            0,
            1,
            0,
            [
                0,
                1,
                1,
                0
            ],
            0,
            0,
            [
                0,
                1,
                1,
                0
            ],
            1,
            [
                1,
                15001,
                [
                    0,
                    0
                ]
            ],
            1,
            0,
            [
                1,
                1
            ],
            "",
            "",
            false,
            null,
            null,
            null,
            null,
            null,
            null,
            0,
            {
                "___cmdID": "94680817265_0.44980074052412333"
            }
        ],
        [
            0,
            0,
            2,
            [
                0,
                1,
                15007,
                0
            ],
            5,
            0,
            [
                0,
                1,
                1,
                0
            ],
            0,
            [
                1,
                1,
                [
                    0,
                    0
                ]
            ],
            0,
            0,
            [
                1,
                1
            ],
            "",
            "",
            false,
            null,
            null,
            null,
            null,
            null,
            null,
            0,
            {
                "___cmdID": "94680817265_0.41082943410558315"
            }
        ],
        [
            13,
            4,
            15002,
            0,
            0,
            1,
            1,
            1,
            [
                0,
                100
            ],
            0,
            -1,
            [],
            0,
            0,
            0,
            {
                "___cmdID": "94680817265_0.051396112198235366"
            }
        ],
        [
            16,
            15003,
            false,
            {
                "___cmdID": "94680817265_0.46825721659846686"
            }
        ],
        [
            -1,
            {
                "___cmdID": "94680817266_0.281839885830093"
            }
        ],
        [
            2,
            {
                "___cmdID": "94680817265_0.6736399152781851"
            }
        ],
        [
            -1,
            {
                "___cmdID": "94680817266_0.3437829559947445"
            }
        ],
        [
            2,
            {
                "___cmdID": "94680817265_0.8753698603411348"
            }
        ],
        [
            -1,
            {
                "___cmdID": "94680815826_0.3861220786053672"
            }
        ],
        [
            2,
            {
                "___cmdID": "94680815825_0.12414906837462825"
            }
        ],
        [
            -1,
            {
                "___cmdID": "86679419797_0.050850869856757575"
            }
        ]
    ],
    "id": 14016
}