{
    "42609130889_0.4532877663497612": {
        "condition": [],
        "commands": [
            [
                [
                    40010,
                    {
                        "49809728719_0.046619702255007": 0,
                        "24538808102_0.9970934946254328": 1,
                        "49612012650_0.7509974095572418": 1,
                        "24538808435_0.6230939565765392": 5,
                        "49518385245_0.9308839798952664": 1,
                        "50689082740_0.526404642451832": false,
                        "49141521249_0.2965750598394892": 0,
                        "49519573910_0.08853124862540018": 1,
                        "49141521416_0.0884961804795068": 0,
                        "49519590084_0.3058131165318816": 1,
                        "49150249927_0.6881795527970145": 100,
                        "49519636189_0.2521948025226537": 1,
                        "49232462793_0.7622411974016037": 1,
                        "49520636693_0.8404154506260593": 1,
                        "49232464582_0.12430969584603324": 1,
                        "49520744730_0.6026838995761481": 1,
                        "49232999716_0.2133484967243402": 0,
                        "49520812848_0.5734967173507821": 1,
                        "49234813142_0.3142568229981375": 1,
                        "49520873912_0.5927053372462527": 1,
                        "49599648354_0.3738368266485066": false,
                        "49518248081_0.4367396293869368": false,
                        "49599660535_0.0823572381286597": 1,
                        "49518318443_0.5988810162565685": false,
                        "49519399740_0.07229930251623617": false,
                        "49519436070_0.9418611019894294": false,
                        "49519475735_0.9428268094401824": false,
                        "49519529748_0.519982170810438": false,
                        "49520771123_0.27311479097864666": false,
                        "49611947752_0.41521729946538755": false
                    },
                    "51700925905_0.7389640547141894"
                ],
                [
                    60005,
                    {
                        "74577032484_0.13493609495640202": "asset/audio/se/menu/Down.mp3,1,1.3",
                        "74578579319_0.15291120828407134": 1,
                        "91116691228_0.19588751423957396": 1,
                        "91116362027_0.0524615397494288": true,
                        "74587606222_0.5579985331498136": false,
                        "74587987674_0.5977703161602927": false
                    },
                    "76368914527_0.1026256887129604"
                ],
                [
                    -1,
                    {
                        "___cmdID": "91118369910_0.9376378888426999"
                    }
                ]
            ],
            [],
            [],
            [],
            [],
            [],
            [],
            [],
            [],
            [],
            [],
            []
        ]
    },
    "42609170726_0.403168386369565": {
        "condition": [],
        "commands": [
            [
                [
                    40010,
                    {
                        "49809728719_0.046619702255007": 0,
                        "24538808102_0.9970934946254328": 1,
                        "49612012650_0.7509974095572418": 1,
                        "24538808435_0.6230939565765392": 4,
                        "49518385245_0.9308839798952664": 1,
                        "50689082740_0.526404642451832": false,
                        "49141521249_0.2965750598394892": 0,
                        "49519573910_0.08853124862540018": 1,
                        "49141521416_0.0884961804795068": 0,
                        "49519590084_0.3058131165318816": 1,
                        "49150249927_0.6881795527970145": 100,
                        "49519636189_0.2521948025226537": 1,
                        "49232462793_0.7622411974016037": 1,
                        "49520636693_0.8404154506260593": 1,
                        "49232464582_0.12430969584603324": 1,
                        "49520744730_0.6026838995761481": 1,
                        "49232999716_0.2133484967243402": 0,
                        "49520812848_0.5734967173507821": 1,
                        "49234813142_0.3142568229981375": 1,
                        "49520873912_0.5927053372462527": 1,
                        "49599648354_0.3738368266485066": false,
                        "49518248081_0.4367396293869368": false,
                        "49599660535_0.0823572381286597": 1,
                        "49518318443_0.5988810162565685": false,
                        "49519399740_0.07229930251623617": false,
                        "49519436070_0.9418611019894294": false,
                        "49519475735_0.9428268094401824": false,
                        "49519529748_0.519982170810438": false,
                        "49520771123_0.27311479097864666": false,
                        "49611947752_0.41521729946538755": false
                    },
                    "51700914925_0.6287537630716766"
                ],
                [
                    60005,
                    {
                        "74577032484_0.13493609495640202": "asset/audio/se/menu/Down.mp3,1,1.3",
                        "74578579319_0.15291120828407134": 1,
                        "91116691228_0.19588751423957396": 1,
                        "91116362027_0.0524615397494288": true,
                        "74587606222_0.5579985331498136": false,
                        "74587987674_0.5977703161602927": false
                    },
                    "76368902567_0.19845168836127658"
                ],
                [
                    -1,
                    {
                        "___cmdID": "91118363359_0.4422702223180952"
                    }
                ]
            ],
            [],
            [],
            [],
            [],
            [],
            [],
            [],
            [],
            [],
            [],
            []
        ]
    },
    "42609181188_0.3217024940842472": {
        "condition": [],
        "commands": [
            [
                [
                    60005,
                    {
                        "74577032484_0.13493609495640202": "asset/audio/se/menu/Down.mp3,1,1.3",
                        "74578579319_0.15291120828407134": 1,
                        "91116691228_0.19588751423957396": 1,
                        "91116362027_0.0524615397494288": true,
                        "74587606222_0.5579985331498136": false,
                        "74587987674_0.5977703161602927": false
                    },
                    "76368937630_0.1363580644306659"
                ],
                [
                    11,
                    15,
                    null,
                    "",
                    5,
                    -3,
                    "<span style='color:#FfFffF'>[.s]</span>",
                    null,
                    1,
                    {
                        "___cmdID": "76368935540_0.22655982985485257"
                    }
                ],
                [
                    3,
                    0,
                    1,
                    1,
                    {
                        "___cmdID": "76368935540_0.1639933111228813"
                    }
                ],
                [
                    4,
                    "确定",
                    -1,
                    -1,
                    {
                        "___cmdID": "76368935540_0.7102148112973001"
                    }
                ],
                [
                    40012,
                    {
                        "49821564836_0.18023666032094843": 0,
                        "49821564836_0.05613902618903355": 1,